{"meta": {"format": 3, "version": "7.13.0", "timestamp": "2026-04-25T16:39:32.169845", "branch_coverage": false, "show_contexts": false}, "files": {"src/jarvis/tools/dispatch.py": {"executed_lines": [1, 49, 51, 52, 53, 54, 55, 56, 58, 59, 60, 61, 63, 64, 66, 74, 75, 76, 81, 93, 94, 112, 130, 145, 148, 175, 177, 178, 179, 180, 182, 183, 184, 188, 190, 193, 194, 254, 257, 262, 263, 269, 270, 271, 274, 275, 276, 277, 280, 286, 289, 290, 296, 297, 302, 314, 315, 316, 327, 328, 329, 335, 337, 338, 339, 341, 345, 346, 347, 348, 349, 353, 354, 365, 366, 502], "summary": {"covered_lines": 75, "num_statements": 105, "percent_covered": 71.42857142857143, "percent_covered_display": "71", "missing_lines": 30, "excluded_lines": 0, "percent_statements_covered": 71.42857142857143, "percent_statements_covered_display": "71"}, "missing_lines": [83, 258, 281, 308, 309, 310, 311, 358, 359, 424, 425, 431, 432, 435, 436, 441, 442, 443, 445, 446, 458, 464, 465, 466, 467, 470, 471, 481, 492, 499], "excluded_lines": [], "functions": {"_now_utc": {"executed_lines": [], "summary": {"covered_lines": 0, "num_statements": 1, "percent_covered": 0.0, "percent_covered_display": "0", "missing_lines": 1, "excluded_lines": 0, "percent_statements_covered": 0.0, "percent_statements_covered_display": "0"}, "missing_lines": [83], "excluded_lines": []}, "_resolve_agent_id": {"executed_lines": [175, 177, 178, 179, 180, 182, 183, 184, 188, 190], "summary": {"covered_lines": 10, "num_statements": 10, "percent_covered": 100.0, "percent_covered_display": "100", "missing_lines": 0, "excluded_lines": 0, "percent_statements_covered": 100.0, "percent_statements_covered_display": "100"}, "missing_lines": [], "excluded_lines": []}, "dispatch_by_capability": {"executed_lines": [254, 257, 262, 263, 269, 270, 271, 274, 275, 276, 277, 280, 286, 289, 290, 296, 297, 302, 314, 315, 316, 327, 328, 329, 335, 337, 338, 339, 341, 345, 346, 347, 348, 349, 353, 354], "summary": {"covered_lines": 36, "num_statements": 44, "percent_covered": 81.81818181818181, "percent_covered_display": "82", "missing_lines": 8, "excluded_lines": 0, "percent_statements_covered": 81.81818181818181, "percent_statements_covered_display": "82"}, "missing_lines": [258, 281, 308, 309, 310, 311, 358, 359], "excluded_lines": []}, "queue_build": {"executed_lines": [], "summary": {"covered_lines": 0, "num_statements": 21, "percent_covered": 0.0, "percent_covered_display": "0", "missing_lines": 21, "excluded_lines": 0, "percent_statements_covered": 0.0, "percent_statements_covered_display": "0"}, "missing_lines": [424, 425, 431, 432, 435, 436, 441, 442, 443, 445, 446, 458, 464, 465, 466, 467, 470, 471, 481, 492, 499], "excluded_lines": []}, "": {"executed_lines": [1, 49, 51, 52, 53, 54, 55, 56, 58, 59, 60, 61, 63, 64, 66, 74, 75, 76, 81, 93, 94, 112, 130, 145, 148, 193, 194, 365, 366, 502], "summary": {"covered_lines": 29, "num_statements": 29, "percent_covered": 100.0, "percent_covered_display": "100", "missing_lines": 0, "excluded_lines": 0, "percent_statements_covered": 100.0, "percent_statements_covered_display": "100"}, "missing_lines": [], "excluded_lines": []}}, "classes": {"": {"executed_lines": [1, 49, 51, 52, 53, 54, 55, 56, 58, 59, 60, 61, 63, 64, 66, 74, 75, 76, 81, 93, 94, 112, 130, 145, 148, 175, 177, 178, 179, 180, 182, 183, 184, 188, 190, 193, 194, 254, 257, 262, 263, 269, 270, 271, 274, 275, 276, 277, 280, 286, 289, 290, 296, 297, 302, 314, 315, 316, 327, 328, 329, 335, 337, 338, 339, 341, 345, 346, 347, 348, 349, 353, 354, 365, 366, 502], "summary": {"covered_lines": 75, "num_statements": 105, "percent_covered": 71.42857142857143, "percent_covered_display": "71", "missing_lines": 30, "excluded_lines": 0, "percent_statements_covered": 71.42857142857143, "percent_statements_covered_display": "71"}, "missing_lines": [83, 258, 281, 308, 309, 310, 311, 358, 359, 424, 425, 431, 432, 435, 436, 441, 442, 443, 445, 446, 458, 464, 465, 466, 467, 470, 471, 481, 492, 499], "excluded_lines": []}}}}, "totals": {"covered_lines": 75, "num_statements": 105, "percent_covered": 71.42857142857143, "percent_covered_display": "71", "missing_lines": 30, "excluded_lines": 0, "percent_statements_covered": 71.42857142857143, "percent_statements_covered_display": "71"}}