{"meta": {"format": 3, "version": "7.13.0", "timestamp": "2026-04-25T16:37:24.046117", "branch_coverage": false, "show_contexts": false}, "files": {"src/jarvis/tools/general.py": {"executed_lines": [1, 23, 25, 26, 27, 28, 29, 30, 32, 33, 34, 36, 37, 39, 54, 57, 75, 78, 97, 98, 106, 109, 147, 150, 164, 217, 218, 319, 342, 348, 375, 384, 403, 472, 473, 511, 512, 515, 525, 528, 535, 536, 541, 542, 564, 573, 574, 576, 581, 582, 583, 590, 592, 593, 598, 599, 601, 602, 606, 607, 608, 612, 613, 614, 618, 619, 626, 630, 631, 634, 635], "summary": {"covered_lines": 69, "num_statements": 218, "percent_covered": 31.65137614678899, "percent_covered_display": "32", "missing_lines": 149, "excluded_lines": 3, "percent_statements_covered": 31.65137614678899, "percent_statements_covered_display": "32"}, "missing_lines": [87, 107, 128, 130, 134, 135, 136, 139, 152, 153, 154, 155, 156, 157, 158, 159, 160, 161, 175, 176, 177, 178, 179, 180, 181, 182, 183, 184, 187, 188, 189, 190, 191, 192, 193, 194, 195, 196, 200, 201, 202, 203, 204, 205, 211, 212, 213, 214, 242, 244, 245, 246, 247, 251, 252, 258, 259, 260, 265, 266, 267, 268, 269, 270, 273, 274, 278, 279, 283, 284, 285, 290, 291, 292, 295, 296, 301, 302, 304, 305, 306, 361, 362, 363, 364, 365, 366, 369, 370, 371, 372, 381, 392, 393, 394, 395, 396, 397, 398, 399, 400, 412, 413, 415, 416, 417, 419, 420, 421, 423, 429, 431, 432, 441, 442, 443, 444, 445, 446, 447, 448, 449, 450, 451, 452, 453, 455, 456, 458, 460, 464, 467, 469, 497, 498, 499, 500, 501, 537, 538, 624, 625, 663, 664, 665, 670, 671, 672, 673], "excluded_lines": [433, 435, 436], "functions": {"configure": {"executed_lines": [], "summary": {"covered_lines": 0, "num_statements": 1, "percent_covered": 0.0, "percent_covered_display": "0", "missing_lines": 1, "excluded_lines": 0, "percent_statements_covered": 0.0, "percent_statements_covered_display": "0"}, "missing_lines": [87], "excluded_lines": []}, "TavilyProvider.__init__": {"executed_lines": [], "summary": {"covered_lines": 0, "num_statements": 1, "percent_covered": 0.0, "percent_covered_display": "0", "missing_lines": 1, "excluded_lines": 0, "percent_statements_covered": 0.0, "percent_statements_covered_display": "0"}, "missing_lines": [107], "excluded_lines": []}, "TavilyProvider.search": {"executed_lines": [], "summary": {"covered_lines": 0, "num_statements": 6, "percent_covered": 0.0, "percent_covered_display": "0", "missing_lines": 6, "excluded_lines": 0, "percent_statements_covered": 0.0, "percent_statements_covered_display": "0"}, "missing_lines": [128, 130, 134, 135, 136, 139], "excluded_lines": []}, "_resolve_api_key": {"executed_lines": [], "summary": {"covered_lines": 0, "num_statements": 10, "percent_covered": 0.0, "percent_covered_display": "0", "missing_lines": 10, "excluded_lines": 0, "percent_statements_covered": 0.0, "percent_statements_covered_display": "0"}, "missing_lines": [152, 153, 154, 155, 156, 157, 158, 159, 160, 161], "excluded_lines": []}, "_coerce_results": {"executed_lines": [], "summary": {"covered_lines": 0, "num_statements": 30, "percent_covered": 0.0, "percent_covered_display": "0", "missing_lines": 30, "excluded_lines": 0, "percent_statements_covered": 0.0, "percent_statements_covered_display": "0"}, "missing_lines": [175, 176, 177, 178, 179, 180, 181, 182, 183, 184, 187, 188, 189, 190, 191, 192, 193, 194, 195, 196, 200, 201, 202, 203, 204, 205, 211, 212, 213, 214], "excluded_lines": []}, "search_web": {"executed_lines": [], "summary": {"covered_lines": 0, "num_statements": 33, "percent_covered": 0.0, "percent_covered_display": "0", "missing_lines": 33, "excluded_lines": 0, "percent_statements_covered": 0.0, "percent_statements_covered_display": "0"}, "missing_lines": [242, 244, 245, 246, 247, 251, 252, 258, 259, 260, 265, 266, 267, 268, 269, 270, 273, 274, 278, 279, 283, 284, 285, 290, 291, 292, 295, 296, 301, 302, 304, 305, 306], "excluded_lines": []}, "_detect_unsafe_token": {"executed_lines": [], "summary": {"covered_lines": 0, "num_statements": 10, "percent_covered": 0.0, "percent_covered_display": "0", "missing_lines": 10, "excluded_lines": 0, "percent_statements_covered": 0.0, "percent_statements_covered_display": "0"}, "missing_lines": [361, 362, 363, 364, 365, 366, 369, 370, 371, 372], "excluded_lines": []}, "_normalise_percent_of": {"executed_lines": [], "summary": {"covered_lines": 0, "num_statements": 1, "percent_covered": 0.0, "percent_covered_display": "0", "missing_lines": 1, "excluded_lines": 0, "percent_statements_covered": 0.0, "percent_statements_covered_display": "0"}, "missing_lines": [381], "excluded_lines": []}, "_format_calculate_result": {"executed_lines": [], "summary": {"covered_lines": 0, "num_statements": 9, "percent_covered": 0.0, "percent_covered_display": "0", "missing_lines": 9, "excluded_lines": 0, "percent_statements_covered": 0.0, "percent_statements_covered_display": "0"}, "missing_lines": [392, 393, 394, 395, 396, 397, 398, 399, 400], "excluded_lines": []}, "_evaluate_expression": {"executed_lines": [], "summary": {"covered_lines": 0, "num_statements": 32, "percent_covered": 0.0, "percent_covered_display": "0", "missing_lines": 32, "excluded_lines": 3, "percent_statements_covered": 0.0, "percent_statements_covered_display": "0"}, "missing_lines": [412, 413, 415, 416, 417, 419, 420, 421, 423, 429, 431, 432, 441, 442, 443, 444, 445, 446, 447, 448, 449, 450, 451, 452, 453, 455, 456, 458, 460, 464, 467, 469], "excluded_lines": [433, 435, 436]}, "calculate": {"executed_lines": [], "summary": {"covered_lines": 0, "num_statements": 5, "percent_covered": 0.0, "percent_covered_display": "0", "missing_lines": 5, "excluded_lines": 0, "percent_statements_covered": 0.0, "percent_statements_covered_display": "0"}, "missing_lines": [497, 498, 499, 500, 501], "excluded_lines": []}, "_resolve_workspace_root": {"executed_lines": [525], "summary": {"covered_lines": 1, "num_statements": 1, "percent_covered": 100.0, "percent_covered_display": "100", "missing_lines": 0, "excluded_lines": 0, "percent_statements_covered": 100.0, "percent_statements_covered_display": "100"}, "missing_lines": [], "excluded_lines": []}, "_is_inside": {"executed_lines": [535, 536], "summary": {"covered_lines": 2, "num_statements": 4, "percent_covered": 50.0, "percent_covered_display": "50", "missing_lines": 2, "excluded_lines": 0, "percent_statements_covered": 50.0, "percent_statements_covered_display": "50"}, "missing_lines": [537, 538], "excluded_lines": []}, "read_file": {"executed_lines": [564, 573, 574, 576, 581, 582, 583, 590, 592, 593, 598, 599, 601, 602, 606, 607, 608, 612, 613, 614, 618, 619, 626, 630, 631], "summary": {"covered_lines": 25, "num_statements": 27, "percent_covered": 92.5925925925926, "percent_covered_display": "93", "missing_lines": 2, "excluded_lines": 0, "percent_statements_covered": 92.5925925925926, "percent_statements_covered_display": "93"}, "missing_lines": [624, 625], "excluded_lines": []}, "get_calendar_events": {"executed_lines": [], "summary": {"covered_lines": 0, "num_statements": 7, "percent_covered": 0.0, "percent_covered_display": "0", "missing_lines": 7, "excluded_lines": 0, "percent_statements_covered": 0.0, "percent_statements_covered_display": "0"}, "missing_lines": [663, 664, 665, 670, 671, 672, 673], "excluded_lines": []}, "": {"executed_lines": [1, 23, 25, 26, 27, 28, 29, 30, 32, 33, 34, 36, 37, 39, 54, 57, 75, 78, 97, 98, 106, 109, 147, 150, 164, 217, 218, 319, 342, 348, 375, 384, 403, 472, 473, 511, 512, 515, 528, 541, 542, 634, 635], "summary": {"covered_lines": 41, "num_statements": 41, "percent_covered": 100.0, "percent_covered_display": "100", "missing_lines": 0, "excluded_lines": 0, "percent_statements_covered": 100.0, "percent_statements_covered_display": "100"}, "missing_lines": [], "excluded_lines": []}}, "classes": {"TavilyProvider": {"executed_lines": [], "summary": {"covered_lines": 0, "num_statements": 7, "percent_covered": 0.0, "percent_covered_display": "0", "missing_lines": 7, "excluded_lines": 0,