{"meta": {"format": 3, "version": "7.13.0", "timestamp": "2026-04-26T09:50:17.840294", "branch_coverage": false, "show_contexts": false}, "files": {"src/jarvis/tools/dispatch.py": {"executed_lines": [1, 49, 51, 52, 53, 54, 55, 56, 57, 59, 60, 61, 62, 69, 70, 71, 72, 78, 86, 87, 88, 93, 106, 107, 131, 149, 164, 167, 194, 196, 197, 198, 199, 201, 202, 203, 204, 206, 209, 210, 270, 273, 275, 276, 279, 280, 281, 282, 283, 284, 285, 286, 290, 291, 292, 298, 299, 304, 320, 321, 322, 332, 333, 334, 340, 342, 343, 344, 346, 348, 349, 350, 351, 352, 356, 357, 365, 366, 516, 519, 520, 524, 525, 553, 559, 560, 563, 571, 572, 573, 574, 575, 576, 578, 581, 600, 601, 602, 603, 604, 605, 610, 611, 612, 613, 616, 617, 618, 619, 620, 622, 625, 642, 645, 648, 649, 650, 652, 653, 655, 656, 663, 672, 673, 680, 685, 688, 707, 715, 718, 730, 731, 732, 733, 740, 742, 747, 749, 750, 754, 755, 760, 767, 769, 770, 777, 779, 786, 789, 802, 803, 804, 805, 812, 814, 819, 821, 822, 827, 828, 829, 830, 831, 832, 836, 843, 845, 846, 853, 855, 862, 865, 866, 914, 915, 921, 927, 933, 934, 936, 937, 938, 939, 947], "summary": {"covered_lines": 183, "num_statements": 214, "percent_covered": 85.51401869158879, "percent_covered_display": "86", "missing_lines": 31, "excluded_lines": 0, "percent_statements_covered": 85.51401869158879, "percent_statements_covered_display": "86"}, "missing_lines": [95, 274, 287, 310, 311, 312, 313, 358, 359, 424, 425, 428, 429, 432, 433, 436, 437, 438, 440, 441, 453, 459, 460, 461, 462, 465, 466, 477, 487, 494, 944], "excluded_lines": [], "functions": {"_now_utc": {"executed_lines": [], "summary": {"covered_lines": 0, "num_statements": 1, "percent_covered": 0.0, "percent_covered_display": "0", "missing_lines": 1, "excluded_lines": 0, "percent_statements_covered": 0.0, "percent_statements_covered_display": "0"}, "missing_lines": [95], "excluded_lines": []}, "_resolve_agent_id": {"executed_lines": [194, 196, 197, 198, 199, 201, 202, 203, 204, 206], "summary": {"covered_lines": 10, "num_statements": 10, "percent_covered": 100.0, "percent_covered_display": "100", "missing_lines": 0, "excluded_lines": 0, "percent_statements_covered": 100.0, "percent_statements_covered_display": "100"}, "missing_lines": [], "excluded_lines": []}, "dispatch_by_capability": {"executed_lines": [270, 273, 275, 276, 279, 280, 281, 282, 283, 284, 285, 286, 290, 291, 292, 298, 299, 304, 320, 321, 322, 332, 333, 334, 340, 342, 343, 344, 346, 348, 349, 350, 351, 352, 356, 357], "summary": {"covered_lines": 36, "num_statements": 44, "percent_covered": 81.81818181818181, "percent_covered_display": "82", "missing_lines": 8, "excluded_lines": 0, "percent_statements_covered": 81.81818181818181, "percent_statements_covered_display": "82"}, "missing_lines": [274, 287, 310, 311, 312, 313, 358, 359], "excluded_lines": []}, "queue_build": {"executed_lines": [], "summary": {"covered_lines": 0, "num_statements": 21, "percent_covered": 0.0, "percent_covered_display": "0", "missing_lines": 21, "excluded_lines": 0, "percent_statements_covered": 0.0, "percent_statements_covered_display": "0"}, "missing_lines": [424, 425, 428, 429, 432, 433, 436, 437, 438, 440, 441, 453, 459, 460, 461, 462, 465, 466, 477, 487, 494], "excluded_lines": []}, "_resolve_current_session": {"executed_lines": [571, 572, 573, 574, 575, 576, 578], "summary": {"covered_lines": 7, "num_statements": 7, "percent_covered": 100.0, "percent_covered_display": "100", "missing_lines": 0, "excluded_lines": 0, "percent_statements_covered": 100.0, "percent_statements_covered_display": "100"}, "missing_lines": [], "excluded_lines": []}, "_is_async_subagent_frame": {"executed_lines": [600, 601, 602, 603, 604, 605, 610, 611, 612, 613, 616, 617, 618, 619, 620, 622], "summary": {"covered_lines": 16, "num_statements": 16, "percent_covered": 100.0, "percent_covered_display": "100", "missing_lines": 0, "excluded_lines": 0, "percent_statements_covered": 100.0, "percent_statements_covered_display": "100"}, "missing_lines": [], "excluded_lines": []}, "_check_attended_only": {"executed_lines": [642, 645, 648, 649, 650, 652, 653, 655, 656, 663, 672, 673, 680, 685], "summary": {"covered_lines": 14, "num_statements": 14, "percent_covered": 100.0, "percent_covered_display": "100", "missing_lines": 0, "excluded_lines": 0, "percent_statements_covered": 100.0, "percent_statements_covered_display": "100"}, "missing_lines": [], "excluded_lines": []}, "_emit_frontier_log": {"executed_lines": [707, 715], "summary": {"covered_lines": 2, "num_statements": 2, "percent_covered": 100.0, "percent_covered_display": "100", "missing_lines": 0, "excluded_lines": 0, "percent_statements_covered": 100.0, "percent_statements_covered_display": "100"}, "missing_lines": [], "excluded_lines": []}, "_escalate_gemini": {"executed_lines": [730, 731, 732, 733, 740, 742, 747, 749, 750, 754, 755, 760, 767, 769, 770, 777, 779, 786], "summary": {"covered_lines": 18, "num_statements": 18, "percent_covered": 100.0, "percent_covered_display": "100", "missing_lines": 0, "excluded_lines": 0, "percent_statements_covered": 100.0, "percent_statements_covered_display": "100"}, "missing_lines": [], "excluded_lines": []}, "_escalate_opus": {"executed_lines": [802, 803, 804, 805, 812, 814, 819, 821, 822, 827, 828, 829, 830, 831, 832, 836, 843, 845, 846, 853, 855, 862], "summary": {"covered_lines": 22, "num_statements": 22, "percent_covered": 100.0, "percent_covered_display": "100", "missing_lines": 0, "excluded_lines": 0, "percent_statements_covered": 100.0, "percent_statements_covered_display": "100"}, "missing_lines": [], "excluded_lines": []}, "escalate_to_frontier": {"executed_lines": [914, 915, 921, 927, 933, 934, 936, 937, 938, 939], "summary": {"covered_lines": 10, "num_statements": 11, "percent_covered": 90.9090909090909, "percent_covered_display": "91", "missing_lines": 1, "excluded_lines": 0, "percent_statements_covered": 90.9090909090909, "percent_statements_covered_display": "91"}, "missing_lines": [944], "excluded_lines": []}, "": {"executed_lines": [1, 49, 51, 52, 53, 54, 55, 56, 57, 59, 60, 61, 62, 69, 70, 71, 72, 78, 86, 87, 88, 93, 106, 107, 131, 149, 164, 167, 209, 210, 365, 366, 516, 519, 520, 524, 525, 553, 559, 560, 563, 581, 625, 688, 718, 789, 865, 866, 947], "summary": {"covered_lines": 48, "num_statements": 48, "percent_covered": 100.0, "percent_covered_display": "100", "missing_lines": 0, "excluded_lines": 0, "percent_statements_covered": 100.0, "percent_statements_covered_display": "100"}, "missing_lines": [], "excluded_lines": []}}, "classes": {"": {"executed_lines": [1, 49, 51, 52, 53, 54, 55, 56, 57, 59, 60, 61, 62, 69, 70, 71, 72, 78, 86, 87, 88, 93, 106, 107, 131, 149, 164, 167, 194, 196, 197, 198, 199, 201, 202, 203, 204, 206, 209, 210, 270, 273, 275, 276, 279, 280, 281, 282, 283, 284, 285, 286, 290, 291, 292, 298, 299, 304, 320, 321, 322, 332, 333, 334, 340, 342, 343, 344, 346, 348, 349, 350, 351, 352, 356, 357, 365, 366, 516, 519, 520, 524, 525, 553, 559, 560, 563, 571, 572, 573, 574, 575, 576, 578, 581, 600, 601, 602, 603, 604, 605, 610, 611, 612, 613, 616, 617, 618, 619, 620, 622, 625, 642, 645, 648, 649, 650, 652, 653, 655, 656, 663, 672, 673, 680, 685, 688, 707, 715, 718, 730, 731, 732, 733, 740, 742, 747, 749, 750, 754, 755, 760, 767, 769, 770, 777, 779, 786, 789, 802, 803, 804, 805, 812, 814, 819, 821, 822, 827, 828, 829, 830, 831, 832, 836, 843, 845, 846, 853, 855, 862, 865, 866, 914, 915, 921, 927, 933, 934, 936, 937, 938, 939, 947], "summary": {"covered_lines": 183, "num_statements": 214, "percent_covered": 85.51401869158879, "percent_covered_display": "86", "missing_lines": 31, "excluded_lines": 0, "percent_statements_covered": 85.51401869158879, "percent_statements_covered_display": "86"}, "missing_lines": [95, 274, 287, 310, 311, 312, 313, 358, 359, 424, 425, 428, 429, 432, 433, 436, 437, 438, 440, 441, 453, 459, 460, 461, 462, 465, 466, 477, 487, 494, 944], "excluded_lines": []}}},