{"meta": {"format": 3, "version": "7.13.0", "timestamp": "2026-04-25T16:42:33.489000", "branch_coverage": false, "show_contexts": false}, "files": {"src/jarvis/tools/general.py": {"executed_lines": [7, 52, 54, 55, 56, 57, 58, 59, 61, 62, 63, 65, 66, 68, 83, 86, 104, 107, 126, 127, 135, 138, 176, 179, 193, 248, 249, 352, 375, 381, 394, 395, 396, 397, 398, 399, 402, 403, 404, 405, 408, 414, 417, 425, 426, 427, 428, 429, 430, 432, 433, 436, 445, 446, 447, 449, 450, 451, 453, 459, 461, 462, 471, 472, 473, 474, 475, 476, 477, 478, 479, 480, 481, 486, 488, 494, 497, 499, 502, 503, 527, 528, 541, 542, 545, 555, 558, 565, 566, 571, 572, 594, 603, 604, 606, 611, 612, 613, 620, 622, 623, 628, 629, 631, 632, 636, 637, 638, 642, 643, 644, 648, 649, 656, 660, 661, 664, 665], "summary": {"covered_lines": 116, "num_statements": 216, "percent_covered": 53.7037037037037, "percent_covered_display": "54", "missing_lines": 100, "excluded_lines": 3, "percent_statements_covered": 53.7037037037037, "percent_statements_covered_display": "54"}, "missing_lines": [116, 136, 157, 159, 163, 164, 165, 168, 181, 182, 183, 184, 185, 186, 187, 188, 189, 190, 204, 205, 206, 207, 208, 209, 210, 211, 212, 213, 216, 217, 218, 219, 220, 221, 222, 223, 224, 225, 229, 230, 231, 232, 233, 234, 240, 243, 244, 245, 273, 275, 276, 277, 278, 282, 283, 289, 290, 291, 296, 297, 298, 299, 301, 302, 305, 306, 310, 311, 315, 316, 317, 322, 323, 324, 327, 328, 333, 334, 336, 338, 339, 431, 482, 483, 485, 490, 529, 530, 531, 567, 568, 654, 655, 693, 694, 695, 700, 701, 705, 706], "excluded_lines": [463, 465, 466], "functions": {"configure": {"executed_lines": [], "summary": {"covered_lines": 0, "num_statements": 1, "percent_covered": 0.0, "percent_covered_display": "0", "missing_lines": 1, "excluded_lines": 0, "percent_statements_covered": 0.0, "percent_statements_covered_display": "0"}, "missing_lines": [116], "excluded_lines": []}, "TavilyProvider.__init__": {"executed_lines": [], "summary": {"covered_lines": 0, "num_statements": 1, "percent_covered": 0.0, "percent_covered_display": "0", "missing_lines": 1, "excluded_lines": 0, "percent_statements_covered": 0.0, "percent_statements_covered_display": "0"}, "missing_lines": [136], "excluded_lines": []}, "TavilyProvider.search": {"executed_lines": [], "summary": {"covered_lines": 0, "num_statements": 6, "percent_covered": 0.0, "percent_covered_display": "0", "missing_lines": 6, "excluded_lines": 0, "percent_statements_covered": 0.0, "percent_statements_covered_display": "0"}, "missing_lines": [157, 159, 163, 164, 165, 168], "excluded_lines": []}, "_resolve_api_key": {"executed_lines": [], "summary": {"covered_lines": 0, "num_statements": 10, "percent_covered": 0.0, "percent_covered_display": "0", "missing_lines": 10, "excluded_lines": 0, "percent_statements_covered": 0.0, "percent_statements_covered_display": "0"}, "missing_lines": [181, 182, 183, 184, 185, 186, 187, 188, 189, 190], "excluded_lines": []}, "_coerce_results": {"executed_lines": [], "summary": {"covered_lines": 0, "num_statements": 30, "percent_covered": 0.0, "percent_covered_display": "0", "missing_lines": 30, "excluded_lines": 0, "percent_statements_covered": 0.0, "percent_statements_covered_display": "0"}, "missing_lines": [204, 205, 206, 207, 208, 209, 210, 211, 212, 213, 216, 217, 218, 219, 220, 221, 222, 223, 224, 225, 229, 230, 231, 232, 233, 234, 240, 243, 244, 245], "excluded_lines": []}, "search_web": {"executed_lines": [], "summary": {"covered_lines": 0, "num_statements": 33, "percent_covered": 0.0, "percent_covered_display": "0", "missing_lines": 33, "excluded_lines": 0, "percent_statements_covered": 0.0, "percent_statements_covered_display": "0"}, "missing_lines": [273, 275, 276, 277, 278, 282, 283, 289, 290, 291, 296, 297, 298, 299, 301, 302, 305, 306, 310, 311, 315, 316, 317, 322, 323, 324, 327, 328, 333, 334, 336, 338, 339], "excluded_lines": []}, "_detect_unsafe_token": {"executed_lines": [394, 395, 396, 397, 398, 399, 402, 403, 404, 405], "summary": {"covered_lines": 10, "num_statements": 10, "percent_covered": 100.0, "percent_covered_display": "100", "missing_lines": 0, "excluded_lines": 0, "percent_statements_covered": 100.0, "percent_statements_covered_display": "100"}, "missing_lines": [], "excluded_lines": []}, "_normalise_percent_of": {"executed_lines": [414], "summary": {"covered_lines": 1, "num_statements": 1, "percent_covered": 100.0, "percent_covered_display": "100", "missing_lines": 0, "excluded_lines": 0, "percent_statements_covered": 100.0, "percent_statements_covered_display": "100"}, "missing_lines": [], "excluded_lines": []}, "_format_calculate_result": {"executed_lines": [425, 426, 427, 428, 429, 430, 432, 433], "summary": {"covered_lines": 8, "num_statements": 9, "percent_covered": 88.88888888888889, "percent_covered_display": "89", "missing_lines": 1, "excluded_lines": 0, "percent_statements_covered": 88.88888888888889, "percent_statements_covered_display": "89"}, "missing_lines": [431], "excluded_lines": []}, "_evaluate_expression": {"executed_lines": [445, 446, 447, 449, 450, 451, 453, 459, 461, 462, 471, 472, 473, 474, 475, 476, 477, 478, 479, 480, 481, 486, 488, 494, 497, 499], "summary": {"covered_lines": 26, "num_statements": 30, "percent_covered": 86.66666666666667, "percent_covered_display": "87", "missing_lines": 4, "excluded_lines": 3, "percent_statements_covered": 86.66666666666667, "percent_statements_covered_display": "87"}, "missing_lines": [482, 483, 485, 490], "excluded_lines": [463, 465, 466]}, "calculate": {"executed_lines": [527, 528], "summary": {"covered_lines": 2, "num_statements": 5, "percent_covered": 40.0, "percent_covered_display": "40", "missing_lines": 3, "excluded_lines": 0, "percent_statements_covered": 40.0, "percent_statements_covered_display": "40"}, "missing_lines": [529, 530, 531], "excluded_lines": []}, "_resolve_workspace_root": {"executed_lines": [555], "summary": {"covered_lines": 1, "num_statements": 1, "percent_covered": 100.0, "percent_covered_display": "100", "missing_lines": 0, "excluded_lines": 0, "percent_statements_covered": 100.0, "percent_statements_covered_display": "100"}, "missing_lines": [], "excluded_lines": []}, "_is_inside": {"executed_lines": [565, 566], "summary": {"covered_lines": 2, "num_statements": 4, "percent_covered": 50.0, "percent_covered_display": "50", "missing_lines": 2, "excluded_lines": 0, "percent_statements_covered": 50.0, "percent_statements_covered_display": "50"}, "missing_lines": [567, 568], "excluded_lines": []}, "read_file": {"executed_lines": [594, 603, 604, 606, 611, 612, 613, 620, 622, 623, 628, 629, 631, 632, 636, 637, 638, 642, 643, 644, 648, 649, 656, 660, 661], "summary": {"covered_lines": 25, "num_statements": 27, "percent_covered": 92.5925925925926, "percent_covered_display": "93", "missing_lines": 2, "excluded_lines": 0, "percent_statements_covered": 92.5925925925926, "percent_statements_covered_display": "93"}, "missing_lines": [654, 655], "excluded_lines": []}, "get_calendar_events": {"executed_lines": [], "summary": {"covered_lines": 0, "num_statements": 7, "percent_covered": 0.0, "percent_covered_display": "0", "missing_lines": 7, "excluded_lines": 0, "percent_statements_covered": 0.0, "percent_statements_covered_display": "0"}, "missing_lines": [693, 694, 695, 700, 701, 705, 706], "excluded_lines": []}, "": {"executed_lines": [7, 52, 54, 55, 56, 57, 58, 59, 61, 62, 63, 65, 66, 68, 83, 86, 104, 107, 126, 127, 135, 138, 176, 179, 193, 248, 249, 352, 375, 381, 408, 417, 436, 502, 503, 541, 542, 545, 558, 571, 572, 664, 665], "summary": {"covered_lines": 41, "num_statements": 41, "percent_covered": 100.0, "percent_covered_display": "100", "missing_lines": 0, "excluded_lines": 0, "percent_statements_covered": 100.0, "percent_statements_covered_display": "100"}, "missing_lines": [], "excluded_lines": []}}, "classes": {"TavilyProvider": {"executed_lines": [], "summary": {"covered_lines": 0, "num_statements": 7, "percent_covered": 0.0,